{
  "valid": ["qidian", "qqbook", "sfnovel", "u17", "comico", "qqac",  "biquge", "biquge.tw", "daizhuzai", "biqugezw", "biqulou",  "dingdian"],
  "sources": {
    "sfnovel": {
      "id": "sfnovel",
      "type": "novel",
      "name": "SF轻小说",
      "contentSourceWeight": 100,
      "mainSourceWeight": 19,
      "officialurls": {
        "host": "http://book.sfacg.com/",
        "bookdetail": "http://m.sfacg.com/b/{bookid}",
        "bookchapter": "{link}",
        "booksearch": "http://m.sfacg.com/search.html"
      },
      "search": {
        "request": {
          "url": "http://s.sfacg.com/?Key={keyword}&S=1&SS=0"
        },
        "response": {
          "type": "array",
          "element": "table.comic_cover > tbody > tr > td > ul",
          "children": {
            "name": "a",
            "author": {
              "type": "string",
              "element": "li:nth-child(2)",
              "extract": "综合信息：\\s*([^/]*)/"
            },
            "catagory": "",
            "complete": {
              "type": "boolean",
              "default": false
            },
            "coverImg": "img",
            "introduce": {
              "type": "string",
              "element": "li:nth-child(2)",
              "extract": "\\d\\d:\\d\\d:\\d\\d\\s*(.*)"
            },
            "bookid": {
              "type": "string",
              "element": "a",
              "attribute": "href",
              "extract": "http://book.sfacg.com/Novel/(\\d+)"
            }
          }
        }
      },
      "detail": {
        "request": "http://book.sfacg.com/Novel/{bookid}",
        "response": {
          "author": "div.author-info > div.author-name > span",
          "catagory": "div.count-detail > div:nth-child(1) > span:nth-child(1)",
          "complete": {
            "type": "boolean",
            "default": false
          },
          "coverImg": "#hasTicket > div.left-part > div > div.pic > a > img",
          "introduce": "div.summary-content > p",
          "lastestChapter": "div.chapter-info > h3 > a",
          "name": "div.summary-content > h1 > span.text"
        }
      },
      "catalog": {
        "hasVolume": true,
        "request": {
          "url": "http://book.sfacg.com/Novel/{bookid}/MainIndex/"
        },
        "response":{
          "type": "array",
          "element": ".story-catalog",
          "children": {
            "name": "div.catalog-hd > .catalog-title",
            "chapters": {
              "type": "array",
              "element": "div.catalog-list > ul > li",
              "children": {
                "title": {
                  "type": "string",
                  "element": "a",
                  "attribute": "title"
                },
                "vip": {
                  "type": "string",
                  "element": "a > span",
                  "attribute": "class"
                },
                "link": {
                  "type": "string",
                  "element": "a",
                  "valid": "!{vip} || !({vip}.includes('icn_vip'))"
                }
              }
            }
          }
        }
      },
      "chapter": {
        "request": {
          "url": "{link}"
        },
        "response": {
          "contentHTML": "#ChapterBody > div",
          "title": "#ReadBg > div.list_menu_title"
        }
      }
    },
    "qqac": {
      "id": "qqac",
      "type": "comics",
      "name": "腾讯动漫",
      "contentSourceWeight": 100,
      "mainSourceWeight": 19,
      "officialurls": {
        "host": "http://ac.qq.com/",
        "bookdetail": "http://m.ac.qq.com/comic/index/id/{bookid}",
        "bookchapter": "http://m.ac.qq.com/chapter/index/id/{bookid}/cid/{cid}",
        "booksearch": "http://m.ac.qq.com/search/index"
      },
      "search": {
        "request": {
          "url": "http://m.ac.qq.com/search/result?t=1493260500155&word={keyword}&page=1&pageSize=100&style=items"
        },
        "response": {
          "type": "array",
          "element": "li",
          "children": {
            "name": ".comic-title",
            "author": "",
            "catagory": ".comic-tag",
            "complete": {
              "type": "boolean",
              "element": ".comic-update",
              "true": "更新",
              "false": "全",
              "default": false
            },
            "coverImg": ".cover-image",
            "introduce": ".comic-desc",
            "bookid": {
              "type": "string",
              "element": ".comic-link",
              "attribute": "href",
              "extract": "http://m.ac.qq.com/comic/index/id/(\\d+)"
            }
          }
        }
      },
      "detail": {
        "request": "http://ac.qq.com/Comic/comicInfo/id/{bookid}",
        "response": {
          "author": "",
          "catagory": "#tags-show",
          "complete": {
            "type": "boolean",
            "element": "div.works-cover > label",
            "true": "连载中",
            "default": false
          },
          "coverImg": "div.works-cover.ui-left > a > img",
          "introduce": "p.works-intro-short",
          "lastestChapter": "#chapter > div.works-chapter-top > ul > li:nth-child(2) > a",
          "name": "div.works-intro-head > h2 > strong"
        }
      },
      "catalog": {
        "request": {
          "url": "http://ac.qq.com/Comic/comicInfo/id/{bookid}"
        },
        "response":{
          "type": "array",
          "element": ".works-chapter-list-con:first-child .chapter-page-all span",
          "children": {
            "title": "a",
            "vip": {
              "type": "string",
              "element": "i",
              "attribute": "class"
            },
            "cid": {
              "type": "string",
              "element": "a",
              "attribute": "href",
              "extract": "\/cid\/(\\d+)",
              "valid": "!{vip} || !({vip}.includes('ui-icon-pay'))"
            }
          }
        }
      },
      "chapter": {
        "request": {
          "url": "http://m.ac.qq.com/chapter/index/id/{bookid}/cid/{cid}?style=plain"
        },
        "response": {
          "contentHTML": "._view",
          "title": "#wrap > div.viewhead > div.viewheadin > div > button > span:nth-child(1)"
        }
      }
    },

    "u17": {
      "id": "u17",
      "type": "comics",
      "name": "有妖气",
      "contentSourceWeight": 100,
      "mainSourceWeight": 19,
      "officialurls": {
        "host": "http://www.u17.com",
        "bookdetail": "http://m.u17.com/c/{bookid}.html",
        "bookchapter": "",
        "booksearch": "http://so.u17.com/"
      },
      "search": {
        "request": {
          "url": "http://so.u17.com/all/{keyword}/m0_p1.html"
        },
        "response": {
          "type": "array",
          "element": "#comiclist div.comiclist > ul > li",
          "children": {
            "name": "div > div.info > h3 > strong > a",
            "author": "[href^=\"http://i\"]",
            "catagory": "div > div.info > p.cf > i",
            "complete": {
              "type": "boolean",
              "element": "div > div.info > p.cf > i",
              "true": "连载",
              "false": "完",
              "default": false
            },
            "coverImg": "div > div.cover > a > img",
            "introduce": "div > div.info > p.text",
            "bookid": {
              "type": "string",
              "element": "div > div.info > h3 > strong > a",
              "attribute": "href",
              "extract": "http://www.u17.com/comic/(\\d+).html"
            }
          }
        }
      },
      "detail": {
        "request": "http://www.u17.com/comic/{bookid}.html",
        "response": {
          "author": "div.comic_info > div.right > div > div.info > a",
          "catagory": "div.comic_info > div.left > div.info > div.top > div.line1",
          "complete": {
            "type": "boolean",
            "element": "div.comic_info > div.left > div.info div:nth-child(1) > span",
            "true": "连载中",
            "default": false
          },
          "coverImg": "#cv > a > img",
          "introduce": "#words",
          "lastestChapter": {
            "type": "string",
            "element": "#chapter > li:last-child > a",
            "attribute": "title"
          },
          "name": "h1"
        }
      },
      "catalog": {
        "request": {
          "url": "http://www.u17.com/comic/{bookid}.html"
        },
        "response":{
          "type": "array",
          "element": "#chapter > li",
          "children": {
            "title": {
              "type": "string",
              "element": "a",
              "attribute": "title"
            },
            "vip": {
              "type": "string",
              "element": "a",
              "attribute": "class"
            },
            "cid": {
              "type": "string",
              "element": "a",
              "attribute": "href",
              "extract": "chapter/(\\d+).html",
              "valid": "!{vip} || !({vip}.includes('vip_chapter'))"
            }
          }
        }
      },
      "chapter": {
        "request": {
          "url": "http://www.u17.com/chapter/{cid}.html"
        },
        "response": {
          "contentHTML": "._view",
          "title": "#wrap > div.viewhead > div.viewheadin > div > button > span:nth-child(1)"
        }
      }
    },
    "comico": {
      "id": "comico",
      "type": "comics",
      "name": "Comico",
      "contentSourceWeight": 100,
      "mainSourceWeight": 19,
      "officialurls": {
        "host": "http://www.comico.com.tw/",
        "bookdetail": "http://www.comico.com.tw/spweb/list.nhn?titleNo={bookid}",
        "bookchapter": "",
        "booksearch": "http://www.comico.com.tw"
      },
      "search": {
        "request": {
          "url": "http://www.comico.com.tw/api/genretitles.nhn?seq=1&typeMain=0&typeSub=0",
          "type": "JSON",
          "timeout": 10
        },
        "response": {
          "type": "array",
          "element": "lists",
          "children": {
            "name": "name",
            "author": "author",
            "catagory": "",
            "complete": "isFinish",
            "coverImg": "imageUrl",
            "introduce": "copy",
            "bookid": "titleNo"
          }
        }
      },
      "detail": {
        "request": "http://www.comico.com.tw/articleList.nhn?titleNo={bookid}",
        "response": {
          "author": "dd.name > span:nth-child(1)",
          "catagory": "#container > div > div.chapban > div > dl > dd.name > span:nth-child(3)",
          "complete": {
            "type": "boolean",
            "element": "#container > div > div.contwrap > div.chaphd > p > strong",
            "true": "週",
            "default": false
          },
          "coverImg": "#container > div > div.chapban > span.bg_img > img",
          "introduce": "#container > div > div.chapban > div > dl > dd.dsc",
          "lastestChapter": "#container > div > div.contwrap > ul > li:nth-child(1) > a > span.tit",
          "lastestChapterLink": "#container > div > div.contwrap > ul > li:nth-child(1) > a",
          "name": "#container > div > div.chapban > div > h2"
        }
      },
      "catalog": {
        "request": {
          "url": "http://www.comico.com.tw/api/article_nav.nhn?titleNo={bookid}&articleNo=0",
          "type": "json",
          "timeout": 10
        },
        "response":{
          "type": "array",
          "element": "list",
          "children": {
            "title": "name",
            "cid": "id"
          }
        }
      },
      "chapter": {
        "request": {
          "url": "http://www.comico.com.tw/detail.nhn?titleNo={bookid}&articleNo={cid}"
        },
        "response": {
          "contentHTML": "._view",
          "title": "#wrap > div.viewhead > div.viewheadin > div > button > span:nth-child(1)"
        }
      }
    },
    "qidian": {
      "id": "qidian",
      "type": "novel",
      "name": "起点中文网",
      "contentSourceWeight": -10,
      "mainSourceWeight": 20,
      "officialurls": {
        "host": "http://www.qidian.com/",
        "bookdetail": "http://m.qidian.com/book/{bookid}",
        "bookchapter": "http://read.qidian.com/chapter/{cid}",
        "booksearch": "http://m.qidian.com/search"
      },
      "search": {
        "request": {
          "url": "http://se.qidian.com/?kw={keyword}",
          "timeout": 5
        },
        "response": {
          "type": "array",
          "element": "#result-list li[data-rid]",
          "children": {
              "name": ".book-mid-info>h4>a",
              "author": ".book-mid-info .author>a.name",
              "catagory": ".book-mid-info .author a:nth-child(4)",
              "complete": {
                "element": ".book-mid-info .author span:last-child",
                "type": "boolean",
                "true": "完",
                "false": "连载"
              },
              "coverImg": ".book-img-box img",
              "introduce": ".book-mid-info .intro",
              "lastestChapter": ".book-mid-info .update>a",
              "bookid": {
                "type": "string",
                "element": ".book-mid-info>h4>a",
                "attribute": "data-bid"
              }
            }
        }
      },
      "detail": {
        "request": {
          "url": "http://book.qidian.com/info/{bookid}",
          "timeout": 5
        },
        "response": {
          "author": "div.book-info > h1 > span > a",
          "catagory": "div.book-info > p.tag > a:nth-child(4)",
          "complete": {
            "element": "div.book-info > p.tag > span:nth-child(1)",
            "type": "boolean",
            "true": "完",
            "false": "连载"
          },
          "coverImg": "#bookImg > img",
          "introduce": "div.book-intro > p",
          "lastestChapter": "div.book-info-detail > div.book-state li.update a",
          "name": "div.book-info > h1 > em"
        }
      },
      "catalog": {
        "hasVolume": true,
        "request": {
          "url": "http://book.qidian.com/ajax/book/category?_csrfToken=&bookId={bookid}",
          "type": "JSON",
          "ajax": "cordova"
        },
        "response": {
          "type": "array",
          "element": "data::vs",
          "children": {
            "name": "vN",
            "chapters": {
              "type": "array",
              "element": "cs",
              "children": {
                "title": "cN",
                "cid": {
                  "type": "string",
                  "element": "cU",
                  "valid": "{sS}==1"
                }
              }
            }
          }
        }
      },
      "chapter": {
        "request": {
          "url": "http://read.qidian.com/chapter/{cid}"
        },
        "response": {
          "contentHTML": "div.read-content",
          "modifyTime": "div.text-info > div.info > i:nth-child(4) > span",
          "title": "div.text-head > h3"
        }
      }
    },
    "qqbook": {
      "id": "qqbook",
      "type": "novel",
      "name": "腾讯图书",
      "contentSourceWeight": -10,
      "mainSourceWeight": 20,
      "officialurls": {
        "host": "http://ubook.qq.com",
        "bookdetail": "http://ubook.qq.com/8/intro.html?bid={bookid}",
        "bookchapter": "",
        "booksearch": "http://ubook.3g.qq.com/8/search"
      },
      "search": {
        "request": {
          "url": "http://ubook.3g.qq.com/8/search?key={keyword}",
          "type": "json",
          "timeout": 5
        },
        "response": {
          "type": "array",
          "element": "booklist",
          "children": {
              "name": {
                "type": "string",
                "element": "title",
                "remove": "</?b>"
              },
              "author": "author",
              "catagory": "categoryInfoV4",
              "complete": {
                "element": "finished",
                "type": "boolean",
                "default": false,
                "false": "0"
              },
              "coverid": {
                "type": "string",
                "element": "cover",
                "extract": "(\\d\\d\\d)$"
              },
              "coverImg": {
                "type": "format",
                "value": "http://wfqqreader.3g.qq.com/cover/{coverid}/{cover}/b_{cover}.jpg"
              },
              "introduce": "pushName",
              "lastestChapter": "lastChapterName",
              "detailLink": ".book-mid-info>h4>a",
              "bookid": "id"
            }
        }
      },
      "detail": {
        "request": {
          "url": "http://ubook.3g.qq.com/8/intro?bid={bookid}",
          "type": "json",
          "timeout": 5
        },
        "response": {
          "author": "book::author",
          "catagory": "caname",
          "complete": {
            "element": "book::finished",
            "type": "boolean",
            "false": "0",
            "default": false
          },
          "coverImg": "book::cover",
          "introduce": "book::intro",
          "lastestChapter": "book::lastChapterName",
          "name": "book::title"
        }
      },
      "catalog": {
        "request": {
          "url": "http://ubook.3g.qq.com/8/chapter?bid={bookid}&pageNo={pageNo}",
          "type": "JSON"
        },
        "response": {
          "type": "array",
          "element": "chapter",
          "children": {
            "title": "title",
            "cid": {
              "type": "string",
              "element": "seq",
              "valid": "{seq} <= {maxfreechapter}"
            }
          }
        }
      },
      "chapter": {
        "request": {
          "url": "http://ubook.3g.qq.com/8/book/chapter?bid={bookid}&cid={cid}",
          "type": "JSON"
        },
        "response": {
          "contentHTML": "content",
          "modifyTime": "chapter::updateTime",
          "title": "chapter::title"
        }
      }
    },
    "chuangshi": {
      "id": "chuangshi",
      "type": "novel",
      "name": "创世中文网",
      "contentSourceWeight": -100,
      "mainSourceWeight": 19,
      "officialurls": {
        "host": "http://chuangshi.qq.com/",
        "bookdetail": "http://chuangshi.qq.com/bk/xh/{bookid}.html",
        "bookchapter": "",
        "booksearch": ""
      },
      "search": {
        "response": {
          "type": "array",
          "element": "#searchResultList > li",
          "valideach": "{detailLink}.match(/^http:\\/\\/yunqi.qq.com/) || {detailLink}.match(/^http:\\/\\/chuangshi.qq.com/)",
          "children": {
            "author": "div.search_r_info > p:nth-child(2) > b > a",
            "catagory": "div.search_r_info > p:nth-child(3) > a:nth-child(1)",
            "complete": {
                "element": "div.search_r_img > p > i",
                "type": "boolean",
                "true": "完",
                "false": "连载",
                "default": false
              },
            "coverImg": "div.search_r_img > a > img",
            "introduce": "div.search_r_info > p.search_i > em",
            "lastestChapter": "div.search_r_info > p:nth-child(5) > a",
            "detailLink": "div.search_r_info > h1 > a",
            "name": "div.search_r_info > h1 > a",
            "bookid": {
              "type": "string",
              "element": "div.search_r_info > h1 > a",
              "attribute": "href",
              "extract": "(\\d+).html"
            }
          }
        },
        "request": "http://chuangshi.qq.com/search/searchindex/type/all/wd/{keyword}.html"
      },
      "detail": {
        "request": "http://chuangshi.qq.com/bk/xh/{bookid}.html",
        "response": {
          "catalogLink": "div.mainbox > div.main1 > div.tablist > ul > li:nth-child(2) > a",
          "author": "div.autherinfo > div.au_name > p:nth-child(2) > a",
          "catagory": "div.mainbox > div.main2 > div.left > div.title > a:nth-child(2)",
          "complete": {
                "element": "div.mainbox > div.main1 > div.title > i:nth-child(3)",
                "type": "boolean",
                "true": "完",
                "false": "连载"
              },
          "coverImg": "div.mainbox > div.main2 > div.left > div.cover > a > img",
          "introduce": "div.mainbox > div.main2 > div.left > div.info",
          "lastestChapter": "#newChapterList > div.chaptername > b > a",
          "name": "div.mainbox > div.main1 > div.title > a > b"
        }
      },
      "catalogLink":{
        "request": "http://chuangshi.qq.com/bk/xh/{bookid}.html",
        "response": {
          "type": "string",
          "element": "div.mainbox > div.main1 > div.tablist > ul > li:nth-child(2) > a",
          "attribute": "href"
        }
      },
      "catalog": {
        "request": "{catalogLink}",
        "response": {
          "type": "array",
          "element": "div.indexbox ul > li",
          "children": {
            "title": "a",
            "cid": {
              "type": "string",
              "element": "a",
              "attribute": "href",
              "extract": "-(\\d+).html"
            }
          }
        }
      },
      "chapter": {
        "request": {
          "url": "http://chuangshi.qq.com/index.php/Bookreader/{bookid}/{cid}?lang=zhs"
        },
        "response": {
          "contentHTML": ".bookreadercontent",
          "title": "[data-node=\"chapterTitle\"]"
        }
      }
    },

    "17k": {
      "id": "17k",
      "type": "novel",
      "name": "17K",
      "contentSourceWeight": -100,
      "mainSourceWeight": 10,
      "officialurls": {
        "host": "http://www.17k.com/",
        "bookdetail": "{detailLink}",
        "bookchapter": "",
        "booksearch": ""
      },
      "search": {
        "response": {
          "type": "array",
          "element": ".search-list > .textlist",
          "children": {
            "author": "div.textmiddle > dl > dd > ul > li.bq > span.ls > a",
            "catagory": "div.textmiddle > dl > dd > ul > li.bq > span:nth-child(2) > a",
            "complete": "",
            "coverImg": "div.textleft img",
            "introduce": "div.textmiddle > dl > dd > ul > li:nth-child(3) > p > a",
            "lastestChapter": "div.textmiddle > dl > dd > ul > li:nth-child(4) > a",
            "detailLink": "div.textmiddle > dl > dt > a",
            "name": "div.textmiddle > dl > dt > a"
          }
        },
        "request": "http://search.17k.com/search.xhtml?c.st=0&c.q={keyword}"
      },
      "detail": {
        "request": "{detailLink}",
        "response": {
          "catalogLink": "div.BookInfo > div.Props > dl > dt > a",
          "author": "div.AuthorInfo > div > a.name",
          "catagory": "body > div.infoPath > div > a:nth-child(3)",
          "complete": {
                "element": "div.BookInfo > div.Info > div.label > a:nth-child(1) > span",
                "type": "boolean",
                "true": "完",
                "false": "连载"
              },
          "coverImg": "div.BookInfo > div.Props > div > a > img",
          "introduce": "div.BookInfo > div.Info.Sign > dl > dd > div:nth-child(1) > a",
          "lastestChapter": "dl.NewsChapter > dd > ul > li:nth-child(2) > a",
          "name": "div.BookInfo > div.Info.Sign > h1 > a"
        }
      },
      "catalogLink":{
        "request": "{detailLink}",
        "response": "div.BookInfo > div.Props > dl > dt > a"
      },
      "catalog": {
        "request": "{catalogLink}",
        "response": {
          "type": "array",
          "element": "body > div.Main.List > dl > dd",
          "children": {
            "title": "a",
            "link": "a"
          }
        }
      },
      "chapter": {
        "request": {
          "url": "{link}"
        },
        "response": {
          "contentHTML": "#chapterContentWapper",
          "modifyTime": "#readAreaBox > div.chapter_update_time",
          "title": "#readAreaBox > h1"
        }
      }
    },

    "biquge": {
      "id": "biquge",
      "type": "novel",
      "name": "笔趣阁",
      "contentSourceWeight": 10,
      "mainSourceWeight": -10,
      "officialurls": {
        "host": "http://www.biquge.com/",
        "bookdetail": "{detailLink}",
        "bookchapter": "",
        "booksearch": ""
      },
      "search": {
        "response": {
          "type": "array",
          "element": "#results > div.result-list > div.result-item",
          "children": {
            "author": "div.result-game-item-detail > div > p:nth-child(1) > span:nth-child(2)",
            "catagory": "div.result-game-item-detail > div > p:nth-child(2) > span:nth-child(2)",
            "complete": "",
            "coverImg": "",
            "introduce": "div.result-game-item-detail > p",
            "lastestChapter": "div.result-game-item-detail > div > p:nth-child(4) > a",
            "detailLink": "div.result-game-item-detail > h3 > a",
            "name": "div.result-game-item-detail > h3 > a"
          }
        },
        "request": "http://zhannei.baidu.com/cse/search?s=287293036948159515&q={keyword}"
      },
      "detail": {
        "request": "{detailLink}",
        "response": {
          "author": {
            "type": "string",
            "element": "#info > p:nth-child(2)",
            "remove": "作 *者[：:]"
          },
          "catagory": "",
          "complete": "",
          "coverImg": "#fmimg > img",
          "introduce": "#intro",
          "lastestChapter": "#info > p:nth-child(5) > a",
          "name": "#info > h1"
        }
      },
      "catalog": {
        "request": "{detailLink}",
        "response": {
          "type": "array",
          "element": "#list > dl > dt:nth-of-type(2) ~ dd",
          "children": {
            "title": "a",
            "link": "a"
          }
        }
      },
      "chapter": {
        "request": {
          "url": "{link}"
        },
        "response": {
          "contentHTML": "#content",
          "modifyTime": "div.text-info > div.info > i:nth-child(4) > span",
          "title": "div.content_read > div > div.bookname > h1"
        }
      }
    },
    "biqugezw": {
      "id": "biqugezw",
      "type": "novel",
      "name": "笔趣阁中文网",
      "contentSourceWeight": 10,
      "mainSourceWeight": -10,
      "officialurls": {
        "host": "http://www.biqugezw.com/",
        "bookdetail": "{detailLink}",
        "bookchapter": "",
        "booksearch": ""
      },
      "search": {
        "response": {
          "type": "array",
          "element": "#results > div.result-list > div.result-item",
          "children": {
            "author": "div.result-game-item-detail > div > p:nth-child(1) > span:nth-child(2)",
            "catagory": "div.result-game-item-detail > div > p:nth-child(2) > span:nth-child(2)",
            "complete": "",
            "coverImg": "",
            "introduce": "div.result-game-item-detail > p",
            "lastestChapter": "div.result-game-item-detail > div > p:nth-child(4) > a",
            "detailLink": "div.result-game-item-detail > h3 > a",
            "name": "div.result-game-item-detail > h3 > a"
          }
        },
        "request": "http://zhannei.baidu.com/cse/search?s=1211228452607586324&q={keyword}"
      },
      "detail": {
        "request": "{detailLink}",
        "response": {
          "author": {
            "type": "string",
            "element": "#info > p:nth-child(2)",
            "remove": "作 *者[：:]"
          },
          "catagory": "",
          "complete": "",
          "coverImg": "#fmimg > img",
          "introduce": "#intro",
          "lastestChapter": "#info > p:nth-child(5) > a",
          "name": "#info > h1"
        }
      },
      "catalog": {
        "request": "{detailLink}",
        "response": {
          "type": "array",
          "element": "#list > dl > dd",
          "children": {
            "title": "a",
            "link": "a"
          }
        }
      },
      "chapter": {
        "request": {
          "url": "{link}"
        },
        "response": {
          "contentHTML": "#content",
          "modifyTime": "div.text-info > div.info > i:nth-child(4) > span",
          "title": "div.content_read > div > div.bookname > h1"
        }
      }
    },
    "biquge.tw": {
      "id": "biquge.tw",
      "type": "novel",
      "name": "笔趣阁 TW",
      "contentSourceWeight": 10,
      "mainSourceWeight": -10,
      "officialurls": {
        "host": "http://www.biquge.com.tw/",
        "bookdetail": "{detailLink}",
        "bookchapter": "",
        "booksearch": ""
      },
      "search": {
        "response": {
          "type": "array",
          "element": "#results > div.result-list > div.result-item",
          "children": {
            "author": "div.result-game-item-detail > div > p:nth-child(1) > span:nth-child(2)",
            "catagory": "div.result-game-item-detail > div > p:nth-child(2) > span:nth-child(2)",
            "complete": "",
            "coverImg": "",
            "introduce": "div.result-game-item-detail > p",
            "lastestChapter": "div.result-game-item-detail > div > p:nth-child(3) > span:nth-child(2)",
            "detailLink": "div.result-game-item-detail > h3 > a",
            "name": "div.result-game-item-detail > h3 > a"
          }
        },
        "request": "http://zhannei.baidu.com/cse/search?s=8353527289636145615&q={keyword}"
      },
      "detail": {
        "request": "{detailLink}",
        "response": {
          "author": {
            "type": "string",
            "element": "#info > p:nth-child(2)",
            "remove": "作 *者[：:]"
          },
          "catagory": "",
          "complete": "",
          "coverImg": "#fmimg > img",
          "introduce": "#intro",
          "lastestChapter": "#info > p:nth-child(5) > a",
          "name": "#info > h1"
        }
      },
      "catalog": {
        "request": "{detailLink}",
        "response": {
          "type": "array",
          "element": "#list > dl > dd",
          "children": {
            "title": "a",
            "link": "a"
          }
        }
      },
      "chapter": {
        "request": {
          "url": "{link}"
        },
        "response": {
          "contentHTML": "#content",
          "modifyTime": "div.text-info > div.info > i:nth-child(4) > span",
          "title": "div.content_read > div > div.bookname > h1"
        }
      }
    },
    "dingdian": {
      "id": "dingdian",
      "type": "novel",
      "name": "顶点小说",
      "contentSourceWeight": 10,
      "mainSourceWeight": -10,
      "officialurls": {
        "host": "http://www.booktxt.net",
        "bookdetail": "{detailLink}",
        "bookchapter": "",
        "booksearch": ""
      },
      "search": {
        "response": {
          "type": "array",
          "element": "#results > div.result-list > div.result-item",
          "children": {
            "author": "div.result-game-item-detail > div > p:nth-child(1) > span:nth-child(2)",
            "catagory": "div.result-game-item-detail > div > p:nth-child(2) > span:nth-child(2)",
            "complete": "",
            "coverImg": "",
            "introduce": "div.result-game-item-detail > p",
            "lastestChapter": "div.result-game-item-detail > div > p:nth-child(4) > a",
            "detailLink": "div.result-game-item-detail > h3 > a",
            "name": "div.result-game-item-detail > h3 > a"
          }
        },
        "request": "http://zhannei.baidu.com/cse/search?s=5334330359795686106&q={keyword}"
      },
      "detail": {
        "request": "{detailLink}",
        "response": {
          "author": {
            "type": "string",
            "element": "#info > p:nth-child(2)",
            "remove": "作 *者[：:]"
          },
          "catagory": "",
          "complete": "",
          "coverImg": "#fmimg > img",
          "introduce": "#intro",
          "lastestChapter": "#list > dl > dd:nth-child(2) > a",
          "name": "#info > h1"
        }
      },
      "catalog": {
        "request": "{detailLink}",
        "response": {
          "type": "array",
          "element": "#list > dl > dt:nth-of-type(2) ~ dd",
          "children": {
            "title": "a",
            "link": "a"
          }
        }
      },
      "chapter": {
        "request": {
          "url": "{link}"
        },
        "response": {
          "contentHTML": "#content",
          "modifyTime": "div.text-info > div.info > i:nth-child(4) > span",
          "title": {
            "element": "div.content_read > div > div.bookname > h1",
            "type": "string",
            "remove": "正文 ?"
          }
        }
      }
    },

    "biqulou": {
      "id": "biqulou",
      "type": "novel",
      "name": "笔趣楼",
      "contentSourceWeight": 10,
      "mainSourceWeight": -10,
      "officialurls": {
        "host": "http://www.biqulou.net/",
        "bookdetail": "{detailLink}",
        "bookchapter": "",
        "booksearch": ""
      },
      "search": {
        "response": {
          "type": "array",
          "element": "#results > div.result-list > div.result-item",
          "children": {
            "author": "div.result-game-item-detail > div > p:nth-child(1) > span:nth-child(2)",
            "catagory": "div.result-game-item-detail > div > p:nth-child(2) > span:nth-child(2)",
            "complete": "",
            "coverImg": "",
            "introduce": "div.result-game-item-detail > p",
            "lastestChapter": "div.result-game-item-detail > div > p:nth-child(4) > a",
            "detailLink": "div.result-game-item-detail > h3 > a",
            "name": "div.result-game-item-detail > h3 > a"
          }
        },
        "request": "http://zhannei.baidu.com/cse/search?s=3164401634903103732&q={keyword}"
      },
      "detail": {
        "request": "{detailLink}",
        "response": {
          "author": {
            "type": "string",
            "element": "#info > p:nth-child(2)",
            "remove": "作 *者[：:]"
          },
          "catagory": "",
          "complete": "",
          "coverImg": "#fmimg > img",
          "introduce": "#intro",
          "lastestChapter": "#info > p:nth-child(5) > a",
          "name": "#info > h1"
        }
      },
      "catalog": {
        "request": "{detailLink}",
        "response": {
          "type": "array",
          "element": "#list > dl > dd",
          "children": {
            "title": "a",
            "link": "a"
          }
        }
      },
      "chapter": {
        "request": {
          "url": "{link}"
        },
        "response": {
          "contentHTML": "#content",
          "modifyTime": "div.text-info > div.info > i:nth-child(4) > span",
          "title": "div.content_read > div > div.bookname > h1"
        }
      }
    },
    "daizhuzai": {
      "id": "daizhuzai",
      "type": "novel",
      "name": "大主宰小说网",
      "contentSourceWeight": 99,
      "mainSourceWeight": -10,
      "officialurls": {
        "host": "http://www.daizhuzai.com/",
        "bookdetail": "{detailLink}",
        "bookchapter": "",
        "booksearch": ""
      },
      "search": {
        "response": {
          "type": "array",
          "element": "ul.librarylist > li",
          "children": {
            "author": "div.pt-ll-r > p.info > span:nth-child(2) > a",
            "catagory": "div.pt-ll-r > p.info > span:nth-child(3) > a",
            "complete": {
              "type": "boolean",
              "default": false
            },
            "coverImg": "div.pt-ll-l > a > img",
            "introduce": "div.pt-ll-r > p.intro",
            "lastestChapter": "div.pt-ll-r > p.last > a",
            "detailLink": "div.pt-ll-r > p.info > span:nth-child(1) > a",
            "name": "div.pt-ll-r > p.info > span:nth-child(1) > a"
          }
        },
        "request": "http://www.daizhuzai.com/search.html?searchtype=novelname&searchkey={keyword}"
      },
      "detail": {
        "request": "{detailLink}",
        "response": {
          "author": "#author > i:nth-child(1) > a",
          "catagory": "#author > i:nth-child(2) > a",
          "complete": {
                "element": "#author > i:nth-child(3)",
                "type": "boolean",
                "true": "完",
                "false": "连载"
              },
          "coverImg": "div.novelinfo img",
          "introduce": "#intro",
          "lastestChapter": "#intro > p:nth-child(3) > a",
          "name": "section > div:nth-child(2) > div.w-left > div > div.header.line > h1"
        }
      },
      "catalog": {
        "request": "{detailLink}",
        "response": {
          "type": "array",
          "element": "ul.dirlist > li",
          "children": {
            "title": "a",
            "link": "a"
          }
        }
      },
      "chapter": {
        "request": {
          "url": "{link}",
          "type": "json"
        },
        "response": {
          "contentHTML": "info"
        }
      }
    }
  }
}
