{

    "201": "未在书源中发现指定章节！",
    "202": "没有更新的章节了！",
    "203": "前面没有章节了！",
    "205": "索引值应该是数字！",
    "206": "章节内容错误",
    "204": "章节不相等",
    "207": "未从缓存中发现该章节",
    "208": "所有书源中都没有该章节，可能是网络原因导致的",

    "301": "设置主要内容来源失败！",
    "302": "未找到该源",

    "400": "不能频繁更新书籍目录",
    "402": "不能频繁更新最新章节",
    "401": "源配置不正确！",
    "404": "未在当前的源中找到该书！",

    "501": "目录为空",

    "601": "获取目录失败，请检查书源是否正常"
}
